{"cameraMode":{"drawMode":0,"name":"Shaded","section":"Shading Mode"},"sceneLighting":false,"audioPlay":false,"sceneViewState":{"showFog":false,"showMaterialUpdate":false,"showSkybox":false,"showFlares":false,"showImageEffects":false,"showParticleSystems":false},"in2DMode":false,"pivot":{"x":402.39617919921877,"y":301.4241027832031,"z":-67.104736328125},"rotation":{"x":0.01915712095797062,"y":0.695956826210022,"z":0.018579823896288873,"w":-0.717586874961853},"size":285.9679260253906,"orthographic":false}